date,store,item,sales,day,week,dayofyear,year
2013-01-01,6,35,23,1,1,1,2013
2013-01-02,6,35,20,2,1,2,2013
2013-01-03,6,35,27,3,1,3,2013
2013-01-04,6,35,28,4,1,4,2013
2013-01-05,6,35,38,5,1,5,2013
2013-01-06,6,35,36,6,1,6,2013
2013-01-07,6,35,16,0,2,7,2013
2013-01-08,6,35,20,1,2,8,2013
2013-01-09,6,35,39,2,2,9,2013
2013-01-10,6,35,26,3,2,10,2013
2013-01-11,6,35,29,4,2,11,2013
2013-01-12,6,35,35,5,2,12,2013
2013-01-13,6,35,27,6,2,13,2013
2013-01-14,6,35,22,0,3,14,2013
2013-01-15,6,35,25,1,3,15,2013
2013-01-16,6,35,21,2,3,16,2013
2013-01-17,6,35,29,3,3,17,2013
2013-01-18,6,35,27,4,3,18,2013
2013-01-19,6,35,39,5,3,19,2013
2013-01-20,6,35,31,6,3,20,2013
2013-01-21,6,35,18,0,4,21,2013
2013-01-22,6,35,31,1,4,22,2013
2013-01-23,6,35,19,2,4,23,2013
2013-01-24,6,35,26,3,4,24,2013
2013-01-25,6,35,31,4,4,25,2013
2013-01-26,6,35,38,5,4,26,2013
2013-01-27,6,35,37,6,4,27,2013
2013-01-28,6,35,23,0,5,28,2013
2013-01-29,6,35,33,1,5,29,2013
2013-01-30,6,35,24,2,5,30,2013
2013-01-31,6,35,28,3,5,31,2013
2013-02-01,6,35,33,4,5,32,2013
2013-02-02,6,35,36,5,5,33,2013
2013-02-03,6,35,31,6,5,34,2013
2013-02-04,6,35,20,0,6,35,2013
2013-02-05,6,35,28,1,6,36,2013
2013-02-06,6,35,25,2,6,37,2013
2013-02-07,6,35,30,3,6,38,2013
2013-02-08,6,35,36,4,6,39,2013
2013-02-09,6,35,45,5,6,40,2013
2013-02-10,6,35,40,6,6,41,2013
2013-02-11,6,35,20,0,7,42,2013
2013-02-12,6,35,28,1,7,43,2013
2013-02-13,6,35,33,2,7,44,2013
2013-02-14,6,35,26,3,7,45,2013
2013-02-15,6,35,33,4,7,46,2013
2013-02-16,6,35,37,5,7,47,2013
2013-02-17,6,35,34,6,7,48,2013
2013-02-18,6,35,22,0,8,49,2013
2013-02-19,6,35,29,1,8,50,2013
2013-02-20,6,35,26,2,8,51,2013
2013-02-21,6,35,33,3,8,52,2013
2013-02-22,6,35,27,4,8,53,2013
2013-02-23,6,35,35,5,8,54,2013
2013-02-24,6,35,30,6,8,55,2013
2013-02-25,6,35,26,0,9,56,2013
2013-02-26,6,35,35,1,9,57,2013
2013-02-27,6,35,29,2,9,58,2013
2013-02-28,6,35,35,3,9,59,2013
2013-03-01,6,35,39,4,9,60,2013
2013-03-02,6,35,50,5,9,61,2013
2013-03-03,6,35,52,6,9,62,2013
2013-03-04,6,35,25,0,10,63,2013
2013-03-05,6,35,48,1,10,64,2013
2013-03-06,6,35,38,2,10,65,2013
2013-03-07,6,35,25,3,10,66,2013
2013-03-08,6,35,41,4,10,67,2013
2013-03-09,6,35,46,5,10,68,2013
2013-03-10,6,35,46,6,10,69,2013
2013-03-11,6,35,23,0,11,70,2013
2013-03-12,6,35,36,1,11,71,2013
2013-03-13,6,35,36,2,11,72,2013
2013-03-14,6,35,39,3,11,73,2013
2013-03-15,6,35,35,4,11,74,2013
2013-03-16,6,35,56,5,11,75,2013
2013-03-17,6,35,50,6,11,76,2013
2013-03-18,6,35,31,0,12,77,2013
2013-03-19,6,35,36,1,12,78,2013
2013-03-20,6,35,23,2,12,79,2013
2013-03-21,6,35,30,3,12,80,2013
2013-03-22,6,35,44,4,12,81,2013
2013-03-23,6,35,36,5,12,82,2013
2013-03-24,6,35,44,6,12,83,2013
2013-03-25,6,35,40,0,13,84,2013
2013-03-26,6,35,33,1,13,85,2013
2013-03-27,6,35,31,2,13,86,2013
2013-03-28,6,35,32,3,13,87,2013
2013-03-29,6,35,43,4,13,88,2013
2013-03-30,6,35,55,5,13,89,2013
2013-03-31,6,35,47,6,13,90,2013
2013-04-01,6,35,32,0,14,91,2013
2013-04-02,6,35,34,1,14,92,2013
2013-04-03,6,35,35,2,14,93,2013
2013-04-04,6,35,44,3,14,94,2013
2013-04-05,6,35,51,4,14,95,2013
2013-04-06,6,35,50,5,14,96,2013
2013-04-07,6,35,53,6,14,97,2013
2013-04-08,6,35,36,0,15,98,2013
2013-04-09,6,35,34,1,15,99,2013
2013-04-10,6,35,33,2,15,100,2013
2013-04-11,6,35,40,3,15,101,2013
2013-04-12,6,35,44,4,15,102,2013
2013-04-13,6,35,50,5,15,103,2013
2013-04-14,6,35,46,6,15,104,2013
2013-04-15,6,35,28,0,16,105,2013
2013-04-16,6,35,48,1,16,106,2013
2013-04-17,6,35,52,2,16,107,2013
2013-04-18,6,35,46,3,16,108,2013
2013-04-19,6,35,39,4,16,109,2013
2013-04-20,6,35,44,5,16,110,2013
2013-04-21,6,35,56,6,16,111,2013
2013-04-22,6,35,34,0,17,112,2013
2013-04-23,6,35,37,1,17,113,2013
2013-04-24,6,35,37,2,17,114,2013
2013-04-25,6,35,45,3,17,115,2013
2013-04-26,6,35,61,4,17,116,2013
2013-04-27,6,35,56,5,17,117,2013
2013-04-28,6,35,45,6,17,118,2013
2013-04-29,6,35,30,0,18,119,2013
2013-04-30,6,35,46,1,18,120,2013
2013-05-01,6,35,40,2,18,121,2013
2013-05-02,6,35,49,3,18,122,2013
2013-05-03,6,35,49,4,18,123,2013
2013-05-04,6,35,61,5,18,124,2013
2013-05-05,6,35,67,6,18,125,2013
2013-05-06,6,35,27,0,19,126,2013
2013-05-07,6,35,38,1,19,127,2013
2013-05-08,6,35,49,2,19,128,2013
2013-05-09,6,35,57,3,19,129,2013
2013-05-10,6,35,56,4,19,130,2013
2013-05-11,6,35,35,5,19,131,2013
2013-05-12,6,35,49,6,19,132,2013
2013-05-13,6,35,41,0,20,133,2013
2013-05-14,6,35,48,1,20,134,2013
2013-05-15,6,35,46,2,20,135,2013
2013-05-16,6,35,34,3,20,136,2013
2013-05-17,6,35,43,4,20,137,2013
2013-05-18,6,35,44,5,20,138,2013
2013-05-19,6,35,50,6,20,139,2013
2013-05-20,6,35,36,0,21,140,2013
2013-05-21,6,35,47,1,21,141,2013
2013-05-22,6,35,39,2,21,142,2013
2013-05-23,6,35,51,3,21,143,2013
2013-05-24,6,35,47,4,21,144,2013
2013-05-25,6,35,45,5,21,145,2013
2013-05-26,6,35,50,6,21,146,2013
2013-05-27,6,35,45,0,22,147,2013
2013-05-28,6,35,39,1,22,148,2013
2013-05-29,6,35,35,2,22,149,2013
2013-05-30,6,35,43,3,22,150,2013
2013-05-31,6,35,48,4,22,151,2013
2013-06-01,6,35,50,5,22,152,2013
2013-06-02,6,35,55,6,22,153,2013
2013-06-03,6,35,26,0,23,154,2013
2013-06-04,6,35,35,1,23,155,2013
2013-06-05,6,35,49,2,23,156,2013
2013-06-06,6,35,54,3,23,157,2013
2013-06-07,6,35,65,4,23,158,2013
2013-06-08,6,35,44,5,23,159,2013
2013-06-09,6,35,69,6,23,160,2013
2013-06-10,6,35,37,0,24,161,2013
2013-06-11,6,35,48,1,24,162,2013
2013-06-12,6,35,35,2,24,163,2013
2013-06-13,6,35,45,3,24,164,2013
2013-06-14,6,35,56,4,24,165,2013
2013-06-15,6,35,68,5,24,166,2013
2013-06-16,6,35,76,6,24,167,2013
2013-06-17,6,35,36,0,25,168,2013
2013-06-18,6,35,46,1,25,169,2013
2013-06-19,6,35,48,2,25,170,2013
2013-06-20,6,35,67,3,25,171,2013
2013-06-21,6,35,54,4,25,172,2013
2013-06-22,6,35,57,5,25,173,2013
2013-06-23,6,35,58,6,25,174,2013
2013-06-24,6,35,40,0,26,175,2013
2013-06-25,6,35,54,1,26,176,2013
2013-06-26,6,35,38,2,26,177,2013
2013-06-27,6,35,49,3,26,178,2013
2013-06-28,6,35,39,4,26,179,2013
2013-06-29,6,35,52,5,26,180,2013
2013-06-30,6,35,51,6,26,181,2013
2013-07-01,6,35,50,0,27,182,2013
2013-07-02,6,35,48,1,27,183,2013
2013-07-03,6,35,48,2,27,184,2013
2013-07-04,6,35,48,3,27,185,2013
2013-07-05,6,35,54,4,27,186,2013
2013-07-06,6,35,79,5,27,187,2013
2013-07-07,6,35,59,6,27,188,2013
2013-07-08,6,35,56,0,28,189,2013
2013-07-09,6,35,53,1,28,190,2013
2013-07-10,6,35,54,2,28,191,2013
2013-07-11,6,35,51,3,28,192,2013
2013-07-12,6,35,51,4,28,193,2013
2013-07-13,6,35,68,5,28,194,2013
2013-07-14,6,35,70,6,28,195,2013
2013-07-15,6,35,47,0,29,196,2013
2013-07-16,6,35,49,1,29,197,2013
2013-07-17,6,35,37,2,29,198,2013
2013-07-18,6,35,48,3,29,199,2013
2013-07-19,6,35,45,4,29,200,2013
2013-07-20,6,35,76,5,29,201,2013
2013-07-21,6,35,53,6,29,202,2013
2013-07-22,6,35,45,0,30,203,2013
2013-07-23,6,35,49,1,30,204,2013
2013-07-24,6,35,42,2,30,205,2013
2013-07-25,6,35,48,3,30,206,2013
2013-07-26,6,35,62,4,30,207,2013
2013-07-27,6,35,56,5,30,208,2013
2013-07-28,6,35,61,6,30,209,2013
2013-07-29,6,35,46,0,31,210,2013
2013-07-30,6,35,51,1,31,211,2013
2013-07-31,6,35,51,2,31,212,2013
2013-08-01,6,35,44,3,31,213,2013
2013-08-02,6,35,57,4,31,214,2013
2013-08-03,6,35,49,5,31,215,2013
2013-08-04,6,35,55,6,31,216,2013
2013-08-05,6,35,46,0,32,217,2013
2013-08-06,6,35,36,1,32,218,2013
2013-08-07,6,35,42,2,32,219,2013
2013-08-08,6,35,43,3,32,220,2013
2013-08-09,6,35,41,4,32,221,2013
2013-08-10,6,35,54,5,32,222,2013
2013-08-11,6,35,65,6,32,223,2013
2013-08-12,6,35,45,0,33,224,2013
2013-08-13,6,35,63,1,33,225,2013
2013-08-14,6,35,42,2,33,226,2013
2013-08-15,6,35,36,3,33,227,2013
2013-08-16,6,35,48,4,33,228,2013
2013-08-17,6,35,48,5,33,229,2013
2013-08-18,6,35,59,6,33,230,2013
2013-08-19,6,35,33,0,34,231,2013
2013-08-20,6,35,46,1,34,232,2013
2013-08-21,6,35,42,2,34,233,2013
2013-08-22,6,35,40,3,34,234,2013
2013-08-23,6,35,45,4,34,235,2013
2013-08-24,6,35,48,5,34,236,2013
2013-08-25,6,35,71,6,34,237,2013
2013-08-26,6,35,35,0,35,238,2013
2013-08-27,6,35,32,1,35,239,2013
2013-08-28,6,35,49,2,35,240,2013
2013-08-29,6,35,57,3,35,241,2013
2013-08-30,6,35,44,4,35,242,2013
2013-08-31,6,35,40,5,35,243,2013
2013-09-01,6,35,49,6,35,244,2013
2013-09-02,6,35,27,0,36,245,2013
2013-09-03,6,35,32,1,36,246,2013
2013-09-04,6,35,45,2,36,247,2013
2013-09-05,6,35,48,3,36,248,2013
2013-09-06,6,35,52,4,36,249,2013
2013-09-07,6,35,39,5,36,250,2013
2013-09-08,6,35,62,6,36,251,2013
2013-09-09,6,35,30,0,37,252,2013
2013-09-10,6,35,48,1,37,253,2013
2013-09-11,6,35,46,2,37,254,2013
2013-09-12,6,35,46,3,37,255,2013
2013-09-13,6,35,49,4,37,256,2013
2013-09-14,6,35,62,5,37,257,2013
2013-09-15,6,35,56,6,37,258,2013
2013-09-16,6,35,40,0,38,259,2013
2013-09-17,6,35,39,1,38,260,2013
2013-09-18,6,35,40,2,38,261,2013
2013-09-19,6,35,42,3,38,262,2013
2013-09-20,6,35,56,4,38,263,2013
2013-09-21,6,35,51,5,38,264,2013
2013-09-22,6,35,46,6,38,265,2013
2013-09-23,6,35,38,0,39,266,2013
2013-09-24,6,35,44,1,39,267,2013
2013-09-25,6,35,30,2,39,268,2013
2013-09-26,6,35,35,3,39,269,2013
2013-09-27,6,35,42,4,39,270,2013
2013-09-28,6,35,44,5,39,271,2013
2013-09-29,6,35,46,6,39,272,2013
2013-09-30,6,35,33,0,40,273,2013
2013-10-01,6,35,41,1,40,274,2013
2013-10-02,6,35,39,2,40,275,2013
2013-10-03,6,35,44,3,40,276,2013
2013-10-04,6,35,36,4,40,277,2013
2013-10-05,6,35,35,5,40,278,2013
2013-10-06,6,35,53,6,40,279,2013
2013-10-07,6,35,21,0,41,280,2013
2013-10-08,6,35,31,1,41,281,2013
2013-10-09,6,35,40,2,41,282,2013
2013-10-10,6,35,32,3,41,283,2013
2013-10-11,6,35,51,4,41,284,2013
2013-10-12,6,35,44,5,41,285,2013
2013-10-13,6,35,48,6,41,286,2013
2013-10-14,6,35,27,0,42,287,2013
2013-10-15,6,35,45,1,42,288,2013
2013-10-16,6,35,43,2,42,289,2013
2013-10-17,6,35,46,3,42,290,2013
2013-10-18,6,35,45,4,42,291,2013
2013-10-19,6,35,48,5,42,292,2013
2013-10-20,6,35,54,6,42,293,2013
2013-10-21,6,35,26,0,43,294,2013
2013-10-22,6,35,32,1,43,295,2013
2013-10-23,6,35,45,2,43,296,2013
2013-10-24,6,35,30,3,43,297,2013
2013-10-25,6,35,43,4,43,298,2013
2013-10-26,6,35,51,5,43,299,2013
2013-10-27,6,35,45,6,43,300,2013
2013-10-28,6,35,26,0,44,301,2013
2013-10-29,6,35,42,1,44,302,2013
2013-10-30,6,35,36,2,44,303,2013
2013-10-31,6,35,44,3,44,304,2013
2013-11-01,6,35,46,4,44,305,2013
2013-11-02,6,35,40,5,44,306,2013
2013-11-03,6,35,58,6,44,307,2013
2013-11-04,6,35,29,0,45,308,2013
2013-11-05,6,35,51,1,45,309,2013
2013-11-06,6,35,43,2,45,310,2013
2013-11-07,6,35,37,3,45,311,2013
2013-11-08,6,35,62,4,45,312,2013
2013-11-09,6,35,48,5,45,313,2013
2013-11-10,6,35,48,6,45,314,2013
2013-11-11,6,35,41,0,46,315,2013
2013-11-12,6,35,40,1,46,316,2013
2013-11-13,6,35,39,2,46,317,2013
2013-11-14,6,35,46,3,46,318,2013
2013-11-15,6,35,49,4,46,319,2013
2013-11-16,6,35,39,5,46,320,2013
2013-11-17,6,35,61,6,46,321,2013
2013-11-18,6,35,31,0,47,322,2013
2013-11-19,6,35,46,1,47,323,2013
2013-11-20,6,35,36,2,47,324,2013
2013-11-21,6,35,46,3,47,325,2013
2013-11-22,6,35,46,4,47,326,2013
2013-11-23,6,35,53,5,47,327,2013
2013-11-24,6,35,47,6,47,328,2013
2013-11-25,6,35,40,0,48,329,2013
2013-11-26,6,35,35,1,48,330,2013
2013-11-27,6,35,31,2,48,331,2013
2013-11-28,6,35,41,3,48,332,2013
2013-11-29,6,35,44,4,48,333,2013
2013-11-30,6,35,50,5,48,334,2013
2013-12-01,6,35,31,6,48,335,2013
2013-12-02,6,35,25,0,49,336,2013
2013-12-03,6,35,30,1,49,337,2013
2013-12-04,6,35,30,2,49,338,2013
2013-12-05,6,35,33,3,49,339,2013
2013-12-06,6,35,29,4,49,340,2013
2013-12-07,6,35,32,5,49,341,2013
2013-12-08,6,35,29,6,49,342,2013
2013-12-09,6,35,27,0,50,343,2013
2013-12-10,6,35,31,1,50,344,2013
2013-12-11,6,35,25,2,50,345,2013
2013-12-12,6,35,44,3,50,346,2013
2013-12-13,6,35,29,4,50,347,2013
2013-12-14,6,35,34,5,50,348,2013
2013-12-15,6,35,35,6,50,349,2013
2013-12-16,6,35,24,0,51,350,2013
2013-12-17,6,35,26,1,51,351,2013
2013-12-18,6,35,26,2,51,352,2013
2013-12-19,6,35,35,3,51,353,2013
2013-12-20,6,35,37,4,51,354,2013
2013-12-21,6,35,38,5,51,355,2013
2013-12-22,6,35,39,6,51,356,2013
2013-12-23,6,35,24,0,52,357,2013
2013-12-24,6,35,29,1,52,358,2013
2013-12-25,6,35,31,2,52,359,2013
2013-12-26,6,35,25,3,52,360,2013
2013-12-27,6,35,38,4,52,361,2013
2013-12-28,6,35,39,5,52,362,2013
2013-12-29,6,35,43,6,52,363,2013
2013-12-30,6,35,25,0,1,364,2013
2013-12-31,6,35,38,1,1,365,2013
2014-01-01,6,35,36,2,1,1,2014
2014-01-02,6,35,29,3,1,2,2014
2014-01-03,6,35,35,4,1,3,2014
2014-01-04,6,35,41,5,1,4,2014
2014-01-05,6,35,28,6,1,5,2014
2014-01-06,6,35,24,0,2,6,2014
2014-01-07,6,35,35,1,2,7,2014
2014-01-08,6,35,33,2,2,8,2014
2014-01-09,6,35,26,3,2,9,2014
2014-01-10,6,35,32,4,2,10,2014
2014-01-11,6,35,33,5,2,11,2014
2014-01-12,6,35,46,6,2,12,2014
2014-01-13,6,35,31,0,3,13,2014
2014-01-14,6,35,37,1,3,14,2014
2014-01-15,6,35,33,2,3,15,2014
2014-01-16,6,35,38,3,3,16,2014
2014-01-17,6,35,41,4,3,17,2014
2014-01-18,6,35,33,5,3,18,2014
2014-01-19,6,35,49,6,3,19,2014
2014-01-20,6,35,35,0,4,20,2014
2014-01-21,6,35,27,1,4,21,2014
2014-01-22,6,35,31,2,4,22,2014
2014-01-23,6,35,34,3,4,23,2014
2014-01-24,6,35,30,4,4,24,2014
2014-01-25,6,35,36,5,4,25,2014
2014-01-26,6,35,37,6,4,26,2014
2014-01-27,6,35,25,0,5,27,2014
2014-01-28,6,35,28,1,5,28,2014
2014-01-29,6,35,39,2,5,29,2014
2014-01-30,6,35,37,3,5,30,2014
2014-01-31,6,35,37,4,5,31,2014
2014-02-01,6,35,42,5,5,32,2014
2014-02-02,6,35,44,6,5,33,2014
2014-02-03,6,35,32,0,6,34,2014
2014-02-04,6,35,40,1,6,35,2014
2014-02-05,6,35,34,2,6,36,2014
2014-02-06,6,35,33,3,6,37,2014
2014-02-07,6,35,44,4,6,38,2014
2014-02-08,6,35,40,5,6,39,2014
2014-02-09,6,35,41,6,6,40,2014
2014-02-10,6,35,26,0,7,41,2014
2014-02-11,6,35,45,1,7,42,2014
2014-02-12,6,35,34,2,7,43,2014
2014-02-13,6,35,36,3,7,44,2014
2014-02-14,6,35,37,4,7,45,2014
2014-02-15,6,35,48,5,7,46,2014
2014-02-16,6,35,39,6,7,47,2014
2014-02-17,6,35,33,0,8,48,2014
2014-02-18,6,35,39,1,8,49,2014
2014-02-19,6,35,51,2,8,50,2014
2014-02-20,6,35,29,3,8,51,2014
2014-02-21,6,35,43,4,8,52,2014
2014-02-22,6,35,41,5,8,53,2014
2014-02-23,6,35,37,6,8,54,2014
2014-02-24,6,35,34,0,9,55,2014
2014-02-25,6,35,36,1,9,56,2014
2014-02-26,6,35,35,2,9,57,2014
2014-02-27,6,35,29,3,9,58,2014
2014-02-28,6,35,35,4,9,59,2014
2014-03-01,6,35,32,5,9,60,2014
2014-03-02,6,35,47,6,9,61,2014
2014-03-03,6,35,45,0,10,62,2014
2014-03-04,6,35,46,1,10,63,2014
2014-03-05,6,35,33,2,10,64,2014
2014-03-06,6,35,44,3,10,65,2014
2014-03-07,6,35,46,4,10,66,2014
2014-03-08,6,35,59,5,10,67,2014
2014-03-09,6,35,49,6,10,68,2014
2014-03-10,6,35,30,0,11,69,2014
2014-03-11,6,35,34,1,11,70,2014
2014-03-12,6,35,31,2,11,71,2014
2014-03-13,6,35,46,3,11,72,2014
2014-03-14,6,35,54,4,11,73,2014
2014-03-15,6,35,52,5,11,74,2014
2014-03-16,6,35,49,6,11,75,2014
2014-03-17,6,35,26,0,12,76,2014
2014-03-18,6,35,40,1,12,77,2014
2014-03-19,6,35,33,2,12,78,2014
2014-03-20,6,35,48,3,12,79,2014
2014-03-21,6,35,40,4,12,80,2014
2014-03-22,6,35,48,5,12,81,2014
2014-03-23,6,35,53,6,12,82,2014
2014-03-24,6,35,30,0,13,83,2014
2014-03-25,6,35,40,1,13,84,2014
2014-03-26,6,35,31,2,13,85,2014
2014-03-27,6,35,39,3,13,86,2014
2014-03-28,6,35,43,4,13,87,2014
2014-03-29,6,35,51,5,13,88,2014
2014-03-30,6,35,54,6,13,89,2014
2014-03-31,6,35,27,0,14,90,2014
2014-04-01,6,35,40,1,14,91,2014
2014-04-02,6,35,51,2,14,92,2014
2014-04-03,6,35,48,3,14,93,2014
2014-04-04,6,35,44,4,14,94,2014
2014-04-05,6,35,65,5,14,95,2014
2014-04-06,6,35,63,6,14,96,2014
2014-04-07,6,35,27,0,15,97,2014
2014-04-08,6,35,47,1,15,98,2014
2014-04-09,6,35,47,2,15,99,2014
2014-04-10,6,35,60,3,15,100,2014
2014-04-11,6,35,43,4,15,101,2014
2014-04-12,6,35,68,5,15,102,2014
2014-04-13,6,35,63,6,15,103,2014
2014-04-14,6,35,36,0,16,104,2014
2014-04-15,6,35,56,1,16,105,2014
2014-04-16,6,35,74,2,16,106,2014
2014-04-17,6,35,54,3,16,107,2014
2014-04-18,6,35,48,4,16,108,2014
2014-04-19,6,35,53,5,16,109,2014
2014-04-20,6,35,71,6,16,110,2014
2014-04-21,6,35,48,0,17,111,2014
2014-04-22,6,35,39,1,17,112,2014
2014-04-23,6,35,45,2,17,113,2014
2014-04-24,6,35,47,3,17,114,2014
2014-04-25,6,35,57,4,17,115,2014
2014-04-26,6,35,54,5,17,116,2014
2014-04-27,6,35,74,6,17,117,2014
2014-04-28,6,35,38,0,18,118,2014
2014-04-29,6,35,43,1,18,119,2014
2014-04-30,6,35,55,2,18,120,2014
2014-05-01,6,35,52,3,18,121,2014
2014-05-02,6,35,48,4,18,122,2014
2014-05-03,6,35,78,5,18,123,2014
2014-05-04,6,35,65,6,18,124,2014
2014-05-05,6,35,36,0,19,125,2014
2014-05-06,6,35,66,1,19,126,2014
2014-05-07,6,35,42,2,19,127,2014
2014-05-08,6,35,58,3,19,128,2014
2014-05-09,6,35,49,4,19,129,2014
2014-05-10,6,35,57,5,19,130,2014
2014-05-11,6,35,86,6,19,131,2014
2014-05-12,6,35,47,0,20,132,2014
2014-05-13,6,35,34,1,20,133,2014
2014-05-14,6,35,44,2,20,134,2014
2014-05-15,6,35,53,3,20,135,2014
2014-05-16,6,35,51,4,20,136,2014
2014-05-17,6,35,51,5,20,137,2014
2014-05-18,6,35,56,6,20,138,2014
2014-05-19,6,35,33,0,21,139,2014
2014-05-20,6,35,57,1,21,140,2014
2014-05-21,6,35,49,2,21,141,2014
2014-05-22,6,35,70,3,21,142,2014
2014-05-23,6,35,62,4,21,143,2014
2014-05-24,6,35,65,5,21,144,2014
2014-05-25,6,35,60,6,21,145,2014
2014-05-26,6,35,38,0,22,146,2014
2014-05-27,6,35,42,1,22,147,2014
2014-05-28,6,35,53,2,22,148,2014
2014-05-29,6,35,51,3,22,149,2014
2014-05-30,6,35,71,4,22,150,2014
2014-05-31,6,35,68,5,22,151,2014
2014-06-01,6,35,65,6,22,152,2014
2014-06-02,6,35,38,0,23,153,2014
2014-06-03,6,35,61,1,23,154,2014
2014-06-04,6,35,59,2,23,155,2014
2014-06-05,6,35,64,3,23,156,2014
2014-06-06,6,35,65,4,23,157,2014
2014-06-07,6,35,51,5,23,158,2014
2014-06-08,6,35,69,6,23,159,2014
2014-06-09,6,35,41,0,24,160,2014
2014-06-10,6,35,55,1,24,161,2014
2014-06-11,6,35,65,2,24,162,2014
2014-06-12,6,35,49,3,24,163,2014
2014-06-13,6,35,53,4,24,164,2014
2014-06-14,6,35,83,5,24,165,2014
2014-06-15,6,35,87,6,24,166,2014
2014-06-16,6,35,46,0,25,167,2014
2014-06-17,6,35,51,1,25,168,2014
2014-06-18,6,35,53,2,25,169,2014
2014-06-19,6,35,52,3,25,170,2014
2014-06-20,6,35,60,4,25,171,2014
2014-06-21,6,35,61,5,25,172,2014
2014-06-22,6,35,76,6,25,173,2014
2014-06-23,6,35,47,0,26,174,2014
2014-06-24,6,35,54,1,26,175,2014
2014-06-25,6,35,37,2,26,176,2014
2014-06-26,6,35,55,3,26,177,2014
2014-06-27,6,35,76,4,26,178,2014
2014-06-28,6,35,65,5,26,179,2014
2014-06-29,6,35,67,6,26,180,2014
2014-06-30,6,35,42,0,27,181,2014
2014-07-01,6,35,59,1,27,182,2014
2014-07-02,6,35,65,2,27,183,2014
2014-07-03,6,35,56,3,27,184,2014
2014-07-04,6,35,59,4,27,185,2014
2014-07-05,6,35,67,5,27,186,2014
2014-07-06,6,35,73,6,27,187,2014
2014-07-07,6,35,58,0,28,188,2014
2014-07-08,6,35,53,1,28,189,2014
2014-07-09,6,35,46,2,28,190,2014
2014-07-10,6,35,75,3,28,191,2014
2014-07-11,6,35,62,4,28,192,2014
2014-07-12,6,35,62,5,28,193,2014
2014-07-13,6,35,70,6,28,194,2014
2014-07-14,6,35,60,0,29,195,2014
2014-07-15,6,35,52,1,29,196,2014
2014-07-16,6,35,52,2,29,197,2014
2014-07-17,6,35,63,3,29,198,2014
2014-07-18,6,35,52,4,29,199,2014
2014-07-19,6,35,81,5,29,200,2014
2014-07-20,6,35,69,6,29,201,2014
2014-07-21,6,35,62,0,30,202,2014
2014-07-22,6,35,48,1,30,203,2014
2014-07-23,6,35,42,2,30,204,2014
2014-07-24,6,35,69,3,30,205,2014
2014-07-25,6,35,63,4,30,206,2014
2014-07-26,6,35,71,5,30,207,2014
2014-07-27,6,35,85,6,30,208,2014
2014-07-28,6,35,54,0,31,209,2014
2014-07-29,6,35,72,1,31,210,2014
2014-07-30,6,35,55,2,31,211,2014
2014-07-31,6,35,55,3,31,212,2014
2014-08-01,6,35,53,4,31,213,2014
2014-08-02,6,35,61,5,31,214,2014
2014-08-03,6,35,63,6,31,215,2014
2014-08-04,6,35,43,0,32,216,2014
2014-08-05,6,35,52,1,32,217,2014
2014-08-06,6,35,51,2,32,218,2014
2014-08-07,6,35,59,3,32,219,2014
2014-08-08,6,35,56,4,32,220,2014
2014-08-09,6,35,52,5,32,221,2014
2014-08-10,6,35,61,6,32,222,2014
2014-08-11,6,35,28,0,33,223,2014
2014-08-12,6,35,58,1,33,224,2014
2014-08-13,6,35,55,2,33,225,2014
2014-08-14,6,35,55,3,33,226,2014
2014-08-15,6,35,62,4,33,227,2014
2014-08-16,6,35,64,5,33,228,2014
2014-08-17,6,35,52,6,33,229,2014
2014-08-18,6,35,46,0,34,230,2014
2014-08-19,6,35,42,1,34,231,2014
2014-08-20,6,35,50,2,34,232,2014
2014-08-21,6,35,51,3,34,233,2014
2014-08-22,6,35,66,4,34,234,2014
2014-08-23,6,35,48,5,34,235,2014
2014-08-24,6,35,69,6,34,236,2014
2014-08-25,6,35,45,0,35,237,2014
2014-08-26,6,35,52,1,35,238,2014
2014-08-27,6,35,52,2,35,239,2014
2014-08-28,6,35,68,3,35,240,2014
2014-08-29,6,35,77,4,35,241,2014
2014-08-30,6,35,60,5,35,242,2014
2014-08-31,6,35,59,6,35,243,2014
2014-09-01,6,35,43,0,36,244,2014
2014-09-02,6,35,46,1,36,245,2014
2014-09-03,6,35,41,2,36,246,2014
2014-09-04,6,35,55,3,36,247,2014
2014-09-05,6,35,55,4,36,248,2014
2014-09-06,6,35,56,5,36,249,2014
2014-09-07,6,35,57,6,36,250,2014
2014-09-08,6,35,41,0,37,251,2014
2014-09-09,6,35,46,1,37,252,2014
2014-09-10,6,35,37,2,37,253,2014
2014-09-11,6,35,62,3,37,254,2014
2014-09-12,6,35,61,4,37,255,2014
2014-09-13,6,35,58,5,37,256,2014
2014-09-14,6,35,53,6,37,257,2014
2014-09-15,6,35,43,0,38,258,2014
2014-09-16,6,35,56,1,38,259,2014
2014-09-17,6,35,43,2,38,260,2014
2014-09-18,6,35,47,3,38,261,2014
2014-09-19,6,35,56,4,38,262,2014
2014-09-20,6,35,60,5,38,263,2014
2014-09-21,6,35,59,6,38,264,2014
2014-09-22,6,35,47,0,39,265,2014
2014-09-23,6,35,50,1,39,266,2014
2014-09-24,6,35,42,2,39,267,2014
2014-09-25,6,35,61,3,39,268,2014
2014-09-26,6,35,48,4,39,269,2014
2014-09-27,6,35,58,5,39,270,2014
2014-09-28,6,35,49,6,39,271,2014
2014-09-29,6,35,39,0,40,272,2014
2014-09-30,6,35,41,1,40,273,2014
2014-10-01,6,35,54,2,40,274,2014
2014-10-02,6,35,39,3,40,275,2014
2014-10-03,6,35,39,4,40,276,2014
2014-10-04,6,35,50,5,40,277,2014
2014-10-05,6,35,49,6,40,278,2014
2014-10-06,6,35,47,0,41,279,2014
2014-10-07,6,35,51,1,41,280,2014
2014-10-08,6,35,48,2,41,281,2014
2014-10-09,6,35,40,3,41,282,2014
2014-10-10,6,35,50,4,41,283,2014
2014-10-11,6,35,65,5,41,284,2014
2014-10-12,6,35,66,6,41,285,2014
2014-10-13,6,35,28,0,42,286,2014
2014-10-14,6,35,33,1,42,287,2014
2014-10-15,6,35,31,2,42,288,2014
2014-10-16,6,35,33,3,42,289,2014
2014-10-17,6,35,46,4,42,290,2014
2014-10-18,6,35,46,5,42,291,2014
2014-10-19,6,35,61,6,42,292,2014
2014-10-20,6,35,34,0,43,293,2014
2014-10-21,6,35,54,1,43,294,2014
2014-10-22,6,35,40,2,43,295,2014
2014-10-23,6,35,51,3,43,296,2014
2014-10-24,6,35,41,4,43,297,2014
2014-10-25,6,35,56,5,43,298,2014
2014-10-26,6,35,63,6,43,299,2014
2014-10-27,6,35,38,0,44,300,2014
2014-10-28,6,35,29,1,44,301,2014
2014-10-29,6,35,48,2,44,302,2014
2014-10-30,6,35,47,3,44,303,2014
2014-10-31,6,35,53,4,44,304,2014
2014-11-01,6,35,58,5,44,305,2014
2014-11-02,6,35,50,6,44,306,2014
2014-11-03,6,35,41,0,45,307,2014
2014-11-04,6,35,41,1,45,308,2014
2014-11-05,6,35,52,2,45,309,2014
2014-11-06,6,35,55,3,45,310,2014
2014-11-07,6,35,51,4,45,311,2014
2014-11-08,6,35,60,5,45,312,2014
2014-11-09,6,35,66,6,45,313,2014
2014-11-10,6,35,37,0,46,314,2014
2014-11-11,6,35,41,1,46,315,2014
2014-11-12,6,35,61,2,46,316,2014
2014-11-13,6,35,49,3,46,317,2014
2014-11-14,6,35,49,4,46,318,2014
2014-11-15,6,35,49,5,46,319,2014
2014-11-16,6,35,44,6,46,320,2014
2014-11-17,6,35,45,0,47,321,2014
2014-11-18,6,35,41,1,47,322,2014
2014-11-19,6,35,49,2,47,323,2014
2014-11-20,6,35,45,3,47,324,2014
2014-11-21,6,35,46,4,47,325,2014
2014-11-22,6,35,47,5,47,326,2014
2014-11-23,6,35,60,6,47,327,2014
2014-11-24,6,35,38,0,48,328,2014
2014-11-25,6,35,50,1,48,329,2014
2014-11-26,6,35,55,2,48,330,2014
2014-11-27,6,35,45,3,48,331,2014
2014-11-28,6,35,80,4,48,332,2014
2014-11-29,6,35,55,5,48,333,2014
2014-11-30,6,35,56,6,48,334,2014
2014-12-01,6,35,30,0,49,335,2014
2014-12-02,6,35,24,1,49,336,2014
2014-12-03,6,35,38,2,49,337,2014
2014-12-04,6,35,42,3,49,338,2014
2014-12-05,6,35,40,4,49,339,2014
2014-12-06,6,35,44,5,49,340,2014
2014-12-07,6,35,36,6,49,341,2014
2014-12-08,6,35,40,0,50,342,2014
2014-12-09,6,35,25,1,50,343,2014
2014-12-10,6,35,33,2,50,344,2014
2014-12-11,6,35,37,3,50,345,2014
2014-12-12,6,35,47,4,50,346,2014
2014-12-13,6,35,43,5,50,347,2014
2014-12-14,6,35,39,6,50,348,2014
2014-12-15,6,35,33,0,51,349,2014
2014-12-16,6,35,29,1,51,350,2014
2014-12-17,6,35,47,2,51,351,2014
2014-12-18,6,35,39,3,51,352,2014
2014-12-19,6,35,37,4,51,353,2014
2014-12-20,6,35,35,5,51,354,2014
2014-12-21,6,35,30,6,51,355,2014
2014-12-22,6,35,30,0,52,356,2014
2014-12-23,6,35,38,1,52,357,2014
2014-12-24,6,35,27,2,52,358,2014
2014-12-25,6,35,32,3,52,359,2014
2014-12-26,6,35,39,4,52,360,2014
2014-12-27,6,35,46,5,52,361,2014
2014-12-28,6,35,41,6,52,362,2014
2014-12-29,6,35,29,0,1,363,2014
2014-12-30,6,35,31,1,1,364,2014
2014-12-31,6,35,32,2,1,365,2014
2015-01-01,6,35,29,3,1,1,2015
2015-01-02,6,35,29,4,1,2,2015
2015-01-03,6,35,31,5,1,3,2015
2015-01-04,6,35,44,6,1,4,2015
2015-01-05,6,35,39,0,2,5,2015
2015-01-06,6,35,30,1,2,6,2015
2015-01-07,6,35,37,2,2,7,2015
2015-01-08,6,35,32,3,2,8,2015
2015-01-09,6,35,32,4,2,9,2015
2015-01-10,6,35,46,5,2,10,2015
2015-01-11,6,35,35,6,2,11,2015
2015-01-12,6,35,36,0,3,12,2015
2015-01-13,6,35,21,1,3,13,2015
2015-01-14,6,35,34,2,3,14,2015
2015-01-15,6,35,32,3,3,15,2015
2015-01-16,6,35,38,4,3,16,2015
2015-01-17,6,35,37,5,3,17,2015
2015-01-18,6,35,48,6,3,18,2015
2015-01-19,6,35,26,0,4,19,2015
2015-01-20,6,35,30,1,4,20,2015
2015-01-21,6,35,28,2,4,21,2015
2015-01-22,6,35,36,3,4,22,2015
2015-01-23,6,35,49,4,4,23,2015
2015-01-24,6,35,50,5,4,24,2015
2015-01-25,6,35,40,6,4,25,2015
2015-01-26,6,35,18,0,5,26,2015
2015-01-27,6,35,30,1,5,27,2015
2015-01-28,6,35,37,2,5,28,2015
2015-01-29,6,35,36,3,5,29,2015
2015-01-30,6,35,34,4,5,30,2015
2015-01-31,6,35,48,5,5,31,2015
2015-02-01,6,35,46,6,5,32,2015
2015-02-02,6,35,29,0,6,33,2015
2015-02-03,6,35,34,1,6,34,2015
2015-02-04,6,35,28,2,6,35,2015
2015-02-05,6,35,41,3,6,36,2015
2015-02-06,6,35,44,4,6,37,2015
2015-02-07,6,35,45,5,6,38,2015
2015-02-08,6,35,37,6,6,39,2015
2015-02-09,6,35,31,0,7,40,2015
2015-02-10,6,35,35,1,7,41,2015
2015-02-11,6,35,31,2,7,42,2015
2015-02-12,6,35,42,3,7,43,2015
2015-02-13,6,35,39,4,7,44,2015
2015-02-14,6,35,38,5,7,45,2015
2015-02-15,6,35,44,6,7,46,2015
2015-02-16,6,35,26,0,8,47,2015
2015-02-17,6,35,31,1,8,48,2015
2015-02-18,6,35,26,2,8,49,2015
2015-02-19,6,35,31,3,8,50,2015
2015-02-20,6,35,48,4,8,51,2015
2015-02-21,6,35,50,5,8,52,2015
2015-02-22,6,35,36,6,8,53,2015
2015-02-23,6,35,39,0,9,54,2015
2015-02-24,6,35,21,1,9,55,2015
2015-02-25,6,35,31,2,9,56,2015
2015-02-26,6,35,32,3,9,57,2015
2015-02-27,6,35,32,4,9,58,2015
2015-02-28,6,35,39,5,9,59,2015
2015-03-01,6,35,50,6,9,60,2015
2015-03-02,6,35,38,0,10,61,2015
2015-03-03,6,35,51,1,10,62,2015
2015-03-04,6,35,30,2,10,63,2015
2015-03-05,6,35,47,3,10,64,2015
2015-03-06,6,35,59,4,10,65,2015
2015-03-07,6,35,46,5,10,66,2015
2015-03-08,6,35,44,6,10,67,2015
2015-03-09,6,35,34,0,11,68,2015
2015-03-10,6,35,46,1,11,69,2015
2015-03-11,6,35,54,2,11,70,2015
2015-03-12,6,35,48,3,11,71,2015
2015-03-13,6,35,48,4,11,72,2015
2015-03-14,6,35,46,5,11,73,2015
2015-03-15,6,35,49,6,11,74,2015
2015-03-16,6,35,37,0,12,75,2015
2015-03-17,6,35,48,1,12,76,2015
2015-03-18,6,35,43,2,12,77,2015
2015-03-19,6,35,41,3,12,78,2015
2015-03-20,6,35,55,4,12,79,2015
2015-03-21,6,35,46,5,12,80,2015
2015-03-22,6,35,48,6,12,81,2015
2015-03-23,6,35,38,0,13,82,2015
2015-03-24,6,35,40,1,13,83,2015
2015-03-25,6,35,27,2,13,84,2015
2015-03-26,6,35,45,3,13,85,2015
2015-03-27,6,35,47,4,13,86,2015
2015-03-28,6,35,43,5,13,87,2015
2015-03-29,6,35,47,6,13,88,2015
2015-03-30,6,35,32,0,14,89,2015
2015-03-31,6,35,46,1,14,90,2015
2015-04-01,6,35,37,2,14,91,2015
2015-04-02,6,35,42,3,14,92,2015
2015-04-03,6,35,45,4,14,93,2015
2015-04-04,6,35,67,5,14,94,2015
2015-04-05,6,35,59,6,14,95,2015
2015-04-06,6,35,40,0,15,96,2015
2015-04-07,6,35,45,1,15,97,2015
2015-04-08,6,35,51,2,15,98,2015
2015-04-09,6,35,65,3,15,99,2015
2015-04-10,6,35,52,4,15,100,2015
2015-04-11,6,35,58,5,15,101,2015
2015-04-12,6,35,60,6,15,102,2015
2015-04-13,6,35,43,0,16,103,2015
2015-04-14,6,35,42,1,16,104,2015
2015-04-15,6,35,54,2,16,105,2015
2015-04-16,6,35,59,3,16,106,2015
2015-04-17,6,35,40,4,16,107,2015
2015-04-18,6,35,65,5,16,108,2015
2015-04-19,6,35,71,6,16,109,2015
2015-04-20,6,35,44,0,17,110,2015
2015-04-21,6,35,54,1,17,111,2015
2015-04-22,6,35,54,2,17,112,2015
2015-04-23,6,35,49,3,17,113,2015
2015-04-24,6,35,58,4,17,114,2015
2015-04-25,6,35,56,5,17,115,2015
2015-04-26,6,35,79,6,17,116,2015
2015-04-27,6,35,45,0,18,117,2015
2015-04-28,6,35,55,1,18,118,2015
2015-04-29,6,35,37,2,18,119,2015
2015-04-30,6,35,57,3,18,120,2015
2015-05-01,6,35,49,4,18,121,2015
2015-05-02,6,35,58,5,18,122,2015
2015-05-03,6,35,64,6,18,123,2015
2015-05-04,6,35,39,0,19,124,2015
2015-05-05,6,35,62,1,19,125,2015
2015-05-06,6,35,47,2,19,126,2015
2015-05-07,6,35,73,3,19,127,2015
2015-05-08,6,35,60,4,19,128,2015
2015-05-09,6,35,71,5,19,129,2015
2015-05-10,6,35,63,6,19,130,2015
2015-05-11,6,35,37,0,20,131,2015
2015-05-12,6,35,45,1,20,132,2015
2015-05-13,6,35,62,2,20,133,2015
2015-05-14,6,35,52,3,20,134,2015
2015-05-15,6,35,49,4,20,135,2015
2015-05-16,6,35,64,5,20,136,2015
2015-05-17,6,35,73,6,20,137,2015
2015-05-18,6,35,50,0,21,138,2015
2015-05-19,6,35,45,1,21,139,2015
2015-05-20,6,35,57,2,21,140,2015
2015-05-21,6,35,52,3,21,141,2015
2015-05-22,6,35,72,4,21,142,2015
2015-05-23,6,35,69,5,21,143,2015
2015-05-24,6,35,84,6,21,144,2015
2015-05-25,6,35,52,0,22,145,2015
2015-05-26,6,35,59,1,22,146,2015
2015-05-27,6,35,47,2,22,147,2015
2015-05-28,6,35,61,3,22,148,2015
2015-05-29,6,35,59,4,22,149,2015
2015-05-30,6,35,60,5,22,150,2015
2015-05-31,6,35,64,6,22,151,2015
2015-06-01,6,35,47,0,23,152,2015
2015-06-02,6,35,63,1,23,153,2015
2015-06-03,6,35,66,2,23,154,2015
2015-06-04,6,35,57,3,23,155,2015
2015-06-05,6,35,69,4,23,156,2015
2015-06-06,6,35,74,5,23,157,2015
2015-06-07,6,35,80,6,23,158,2015
2015-06-08,6,35,49,0,24,159,2015
2015-06-09,6,35,49,1,24,160,2015
2015-06-10,6,35,53,2,24,161,2015
2015-06-11,6,35,58,3,24,162,2015
2015-06-12,6,35,65,4,24,163,2015
2015-06-13,6,35,60,5,24,164,2015
2015-06-14,6,35,59,6,24,165,2015
2015-06-15,6,35,44,0,25,166,2015
2015-06-16,6,35,60,1,25,167,2015
2015-06-17,6,35,51,2,25,168,2015
2015-06-18,6,35,52,3,25,169,2015
2015-06-19,6,35,67,4,25,170,2015
2015-06-20,6,35,74,5,25,171,2015
2015-06-21,6,35,68,6,25,172,2015
2015-06-22,6,35,47,0,26,173,2015
2015-06-23,6,35,57,1,26,174,2015
2015-06-24,6,35,44,2,26,175,2015
2015-06-25,6,35,55,3,26,176,2015
2015-06-26,6,35,67,4,26,177,2015
2015-06-27,6,35,74,5,26,178,2015
2015-06-28,6,35,72,6,26,179,2015
2015-06-29,6,35,37,0,27,180,2015
2015-06-30,6,35,59,1,27,181,2015
2015-07-01,6,35,61,2,27,182,2015
2015-07-02,6,35,56,3,27,183,2015
2015-07-03,6,35,65,4,27,184,2015
2015-07-04,6,35,66,5,27,185,2015
2015-07-05,6,35,71,6,27,186,2015
2015-07-06,6,35,53,0,28,187,2015
2015-07-07,6,35,61,1,28,188,2015
2015-07-08,6,35,47,2,28,189,2015
2015-07-09,6,35,61,3,28,190,2015
2015-07-10,6,35,72,4,28,191,2015
2015-07-11,6,35,68,5,28,192,2015
2015-07-12,6,35,87,6,28,193,2015
2015-07-13,6,35,60,0,29,194,2015
2015-07-14,6,35,61,1,29,195,2015
2015-07-15,6,35,48,2,29,196,2015
2015-07-16,6,35,63,3,29,197,2015
2015-07-17,6,35,84,4,29,198,2015
2015-07-18,6,35,79,5,29,199,2015
2015-07-19,6,35,76,6,29,200,2015
2015-07-20,6,35,60,0,30,201,2015
2015-07-21,6,35,68,1,30,202,2015
2015-07-22,6,35,66,2,30,203,2015
2015-07-23,6,35,69,3,30,204,2015
2015-07-24,6,35,74,4,30,205,2015
2015-07-25,6,35,84,5,30,206,2015
2015-07-26,6,35,85,6,30,207,2015
2015-07-27,6,35,58,0,31,208,2015
2015-07-28,6,35,55,1,31,209,2015
2015-07-29,6,35,61,2,31,210,2015
2015-07-30,6,35,61,3,31,211,2015
2015-07-31,6,35,70,4,31,212,2015
2015-08-01,6,35,60,5,31,213,2015
2015-08-02,6,35,76,6,31,214,2015
2015-08-03,6,35,45,0,32,215,2015
2015-08-04,6,35,51,1,32,216,2015
2015-08-05,6,35,57,2,32,217,2015
2015-08-06,6,35,56,3,32,218,2015
2015-08-07,6,35,46,4,32,219,2015
2015-08-08,6,35,60,5,32,220,2015
2015-08-09,6,35,75,6,32,221,2015
2015-08-10,6,35,40,0,33,222,2015
2015-08-11,6,35,40,1,33,223,2015
2015-08-12,6,35,49,2,33,224,2015
2015-08-13,6,35,58,3,33,225,2015
2015-08-14,6,35,73,4,33,226,2015
2015-08-15,6,35,68,5,33,227,2015
2015-08-16,6,35,58,6,33,228,2015
2015-08-17,6,35,50,0,34,229,2015
2015-08-18,6,35,43,1,34,230,2015
2015-08-19,6,35,65,2,34,231,2015
2015-08-20,6,35,39,3,34,232,2015
2015-08-21,6,35,57,4,34,233,2015
2015-08-22,6,35,58,5,34,234,2015
2015-08-23,6,35,69,6,34,235,2015
2015-08-24,6,35,41,0,35,236,2015
2015-08-25,6,35,39,1,35,237,2015
2015-08-26,6,35,52,2,35,238,2015
2015-08-27,6,35,67,3,35,239,2015
2015-08-28,6,35,59,4,35,240,2015
2015-08-29,6,35,72,5,35,241,2015
2015-08-30,6,35,72,6,35,242,2015
2015-08-31,6,35,35,0,36,243,2015
2015-09-01,6,35,41,1,36,244,2015
2015-09-02,6,35,45,2,36,245,2015
2015-09-03,6,35,55,3,36,246,2015
2015-09-04,6,35,50,4,36,247,2015
2015-09-05,6,35,56,5,36,248,2015
2015-09-06,6,35,67,6,36,249,2015
2015-09-07,6,35,37,0,37,250,2015
2015-09-08,6,35,51,1,37,251,2015
2015-09-09,6,35,49,2,37,252,2015
2015-09-10,6,35,49,3,37,253,2015
2015-09-11,6,35,60,4,37,254,2015
2015-09-12,6,35,53,5,37,255,2015
2015-09-13,6,35,57,6,37,256,2015
2015-09-14,6,35,40,0,38,257,2015
2015-09-15,6,35,47,1,38,258,2015
2015-09-16,6,35,54,2,38,259,2015
2015-09-17,6,35,49,3,38,260,2015
2015-09-18,6,35,55,4,38,261,2015
2015-09-19,6,35,64,5,38,262,2015
2015-09-20,6,35,71,6,38,263,2015
2015-09-21,6,35,50,0,39,264,2015
2015-09-22,6,35,60,1,39,265,2015
2015-09-23,6,35,53,2,39,266,2015
2015-09-24,6,35,41,3,39,267,2015
2015-09-25,6,35,64,4,39,268,2015
2015-09-26,6,35,63,5,39,269,2015
2015-09-27,6,35,53,6,39,270,2015
2015-09-28,6,35,42,0,40,271,2015
2015-09-29,6,35,44,1,40,272,2015
2015-09-30,6,35,47,2,40,273,2015
2015-10-01,6,35,41,3,40,274,2015
2015-10-02,6,35,50,4,40,275,2015
2015-10-03,6,35,59,5,40,276,2015
2015-10-04,6,35,55,6,40,277,2015
2015-10-05,6,35,44,0,41,278,2015
2015-10-06,6,35,45,1,41,279,2015
2015-10-07,6,35,51,2,41,280,2015
2015-10-08,6,35,36,3,41,281,2015
2015-10-09,6,35,56,4,41,282,2015
2015-10-10,6,35,49,5,41,283,2015
2015-10-11,6,35,60,6,41,284,2015
2015-10-12,6,35,41,0,42,285,2015
2015-10-13,6,35,47,1,42,286,2015
2015-10-14,6,35,50,2,42,287,2015
2015-10-15,6,35,51,3,42,288,2015
2015-10-16,6,35,57,4,42,289,2015
2015-10-17,6,35,48,5,42,290,2015
2015-10-18,6,35,63,6,42,291,2015
2015-10-19,6,35,43,0,43,292,2015
2015-10-20,6,35,48,1,43,293,2015
2015-10-21,6,35,48,2,43,294,2015
2015-10-22,6,35,63,3,43,295,2015
2015-10-23,6,35,67,4,43,296,2015
2015-10-24,6,35,58,5,43,297,2015
2015-10-25,6,35,53,6,43,298,2015
2015-10-26,6,35,32,0,44,299,2015
2015-10-27,6,35,45,1,44,300,2015
2015-10-28,6,35,41,2,44,301,2015
2015-10-29,6,35,47,3,44,302,2015
2015-10-30,6,35,54,4,44,303,2015
2015-10-31,6,35,55,5,44,304,2015
2015-11-01,6,35,66,6,44,305,2015
2015-11-02,6,35,52,0,45,306,2015
2015-11-03,6,35,44,1,45,307,2015
2015-11-04,6,35,62,2,45,308,2015
2015-11-05,6,35,49,3,45,309,2015
2015-11-06,6,35,55,4,45,310,2015
2015-11-07,6,35,54,5,45,311,2015
2015-11-08,6,35,68,6,45,312,2015
2015-11-09,6,35,51,0,46,313,2015
2015-11-10,6,35,58,1,46,314,2015
2015-11-11,6,35,48,2,46,315,2015
2015-11-12,6,35,38,3,46,316,2015
2015-11-13,6,35,64,4,46,317,2015
2015-11-14,6,35,72,5,46,318,2015
2015-11-15,6,35,70,6,46,319,2015
2015-11-16,6,35,43,0,47,320,2015
2015-11-17,6,35,53,1,47,321,2015
2015-11-18,6,35,51,2,47,322,2015
2015-11-19,6,35,50,3,47,323,2015
2015-11-20,6,35,62,4,47,324,2015
2015-11-21,6,35,50,5,47,325,2015
2015-11-22,6,35,73,6,47,326,2015
2015-11-23,6,35,36,0,48,327,2015
2015-11-24,6,35,41,1,48,328,2015
2015-11-25,6,35,59,2,48,329,2015
2015-11-26,6,35,52,3,48,330,2015
2015-11-27,6,35,64,4,48,331,2015
2015-11-28,6,35,54,5,48,332,2015
2015-11-29,6,35,71,6,48,333,2015
2015-11-30,6,35,32,0,49,334,2015
2015-12-01,6,35,27,1,49,335,2015
2015-12-02,6,35,31,2,49,336,2015
2015-12-03,6,35,36,3,49,337,2015
2015-12-04,6,35,44,4,49,338,2015
2015-12-05,6,35,38,5,49,339,2015
2015-12-06,6,35,38,6,49,340,2015
2015-12-07,6,35,32,0,50,341,2015
2015-12-08,6,35,32,1,50,342,2015
2015-12-09,6,35,43,2,50,343,2015
2015-12-10,6,35,37,3,50,344,2015
2015-12-11,6,35,33,4,50,345,2015
2015-12-12,6,35,42,5,50,346,2015
2015-12-13,6,35,38,6,50,347,2015
2015-12-14,6,35,25,0,51,348,2015
2015-12-15,6,35,32,1,51,349,2015
2015-12-16,6,35,30,2,51,350,2015
2015-12-17,6,35,43,3,51,351,2015
2015-12-18,6,35,48,4,51,352,2015
2015-12-19,6,35,39,5,51,353,2015
2015-12-20,6,35,45,6,51,354,2015
2015-12-21,6,35,38,0,52,355,2015
2015-12-22,6,35,43,1,52,356,2015
2015-12-23,6,35,35,2,52,357,2015
2015-12-24,6,35,39,3,52,358,2015
2015-12-25,6,35,43,4,52,359,2015
2015-12-26,6,35,37,5,52,360,2015
2015-12-27,6,35,53,6,52,361,2015
2015-12-28,6,35,37,0,53,362,2015
2015-12-29,6,35,30,1,53,363,2015
2015-12-30,6,35,33,2,53,364,2015
2015-12-31,6,35,41,3,53,365,2015
2016-01-01,6,35,39,4,53,1,2016
2016-01-02,6,35,39,5,53,2,2016
2016-01-03,6,35,52,6,53,3,2016
2016-01-04,6,35,42,0,1,4,2016
2016-01-05,6,35,38,1,1,5,2016
2016-01-06,6,35,27,2,1,6,2016
2016-01-07,6,35,39,3,1,7,2016
2016-01-08,6,35,39,4,1,8,2016
2016-01-09,6,35,38,5,1,9,2016
2016-01-10,6,35,38,6,1,10,2016
2016-01-11,6,35,33,0,2,11,2016
2016-01-12,6,35,35,1,2,12,2016
2016-01-13,6,35,37,2,2,13,2016
2016-01-14,6,35,42,3,2,14,2016
2016-01-15,6,35,29,4,2,15,2016
2016-01-16,6,35,36,5,2,16,2016
2016-01-17,6,35,42,6,2,17,2016
2016-01-18,6,35,26,0,3,18,2016
2016-01-19,6,35,41,1,3,19,2016
2016-01-20,6,35,40,2,3,20,2016
2016-01-21,6,35,30,3,3,21,2016
2016-01-22,6,35,35,4,3,22,2016
2016-01-23,6,35,42,5,3,23,2016
2016-01-24,6,35,40,6,3,24,2016
2016-01-25,6,35,31,0,4,25,2016
2016-01-26,6,35,36,1,4,26,2016
2016-01-27,6,35,39,2,4,27,2016
2016-01-28,6,35,37,3,4,28,2016
2016-01-29,6,35,45,4,4,29,2016
2016-01-30,6,35,49,5,4,30,2016
2016-01-31,6,35,55,6,4,31,2016
2016-02-01,6,35,26,0,5,32,2016
2016-02-02,6,35,41,1,5,33,2016
2016-02-03,6,35,48,2,5,34,2016
2016-02-04,6,35,28,3,5,35,2016
2016-02-05,6,35,52,4,5,36,2016
2016-02-06,6,35,42,5,5,37,2016
2016-02-07,6,35,52,6,5,38,2016
2016-02-08,6,35,28,0,6,39,2016
2016-02-09,6,35,42,1,6,40,2016
2016-02-10,6,35,36,2,6,41,2016
2016-02-11,6,35,45,3,6,42,2016
2016-02-12,6,35,57,4,6,43,2016
2016-02-13,6,35,40,5,6,44,2016
2016-02-14,6,35,49,6,6,45,2016
2016-02-15,6,35,28,0,7,46,2016
2016-02-16,6,35,27,1,7,47,2016
2016-02-17,6,35,41,2,7,48,2016
2016-02-18,6,35,37,3,7,49,2016
2016-02-19,6,35,40,4,7,50,2016
2016-02-20,6,35,58,5,7,51,2016
2016-02-21,6,35,46,6,7,52,2016
2016-02-22,6,35,34,0,8,53,2016
2016-02-23,6,35,45,1,8,54,2016
2016-02-24,6,35,37,2,8,55,2016
2016-02-25,6,35,44,3,8,56,2016
2016-02-26,6,35,37,4,8,57,2016
2016-02-27,6,35,47,5,8,58,2016
2016-02-28,6,35,55,6,8,59,2016
2016-02-29,6,35,25,0,9,60,2016
2016-03-01,6,35,45,1,9,61,2016
2016-03-02,6,35,54,2,9,62,2016
2016-03-03,6,35,53,3,9,63,2016
2016-03-04,6,35,44,4,9,64,2016
2016-03-05,6,35,57,5,9,65,2016
2016-03-06,6,35,76,6,9,66,2016
2016-03-07,6,35,38,0,10,67,2016
2016-03-08,6,35,35,1,10,68,2016
2016-03-09,6,35,39,2,10,69,2016
2016-03-10,6,35,45,3,10,70,2016
2016-03-11,6,35,53,4,10,71,2016
2016-03-12,6,35,61,5,10,72,2016
2016-03-13,6,35,65,6,10,73,2016
2016-03-14,6,35,41,0,11,74,2016
2016-03-15,6,35,43,1,11,75,2016
2016-03-16,6,35,42,2,11,76,2016
2016-03-17,6,35,33,3,11,77,2016
2016-03-18,6,35,53,4,11,78,2016
2016-03-19,6,35,47,5,11,79,2016
2016-03-20,6,35,63,6,11,80,2016
2016-03-21,6,35,45,0,12,81,2016
2016-03-22,6,35,49,1,12,82,2016
2016-03-23,6,35,44,2,12,83,2016
2016-03-24,6,35,45,3,12,84,2016
2016-03-25,6,35,48,4,12,85,2016
2016-03-26,6,35,52,5,12,86,2016
2016-03-27,6,35,62,6,12,87,2016
2016-03-28,6,35,37,0,13,88,2016
2016-03-29,6,35,56,1,13,89,2016
2016-03-30,6,35,56,2,13,90,2016
2016-03-31,6,35,40,3,13,91,2016
2016-04-01,6,35,75,4,13,92,2016
2016-04-02,6,35,64,5,13,93,2016
2016-04-03,6,35,58,6,13,94,2016
2016-04-04,6,35,45,0,14,95,2016
2016-04-05,6,35,59,1,14,96,2016
2016-04-06,6,35,59,2,14,97,2016
2016-04-07,6,35,56,3,14,98,2016
2016-04-08,6,35,64,4,14,99,2016
2016-04-09,6,35,60,5,14,100,2016
2016-04-10,6,35,72,6,14,101,2016
2016-04-11,6,35,41,0,15,102,2016
2016-04-12,6,35,38,1,15,103,2016
2016-04-13,6,35,44,2,15,104,2016
2016-04-14,6,35,49,3,15,105,2016
2016-04-15,6,35,55,4,15,106,2016
2016-04-16,6,35,59,5,15,107,2016
2016-04-17,6,35,55,6,15,108,2016
2016-04-18,6,35,56,0,16,109,2016
2016-04-19,6,35,51,1,16,110,2016
2016-04-20,6,35,54,2,16,111,2016
2016-04-21,6,35,67,3,16,112,2016
2016-04-22,6,35,66,4,16,113,2016
2016-04-23,6,35,60,5,16,114,2016
2016-04-24,6,35,61,6,16,115,2016
2016-04-25,6,35,49,0,17,116,2016
2016-04-26,6,35,46,1,17,117,2016
2016-04-27,6,35,62,2,17,118,2016
2016-04-28,6,35,66,3,17,119,2016
2016-04-29,6,35,62,4,17,120,2016
2016-04-30,6,35,54,5,17,121,2016
2016-05-01,6,35,74,6,17,122,2016
2016-05-02,6,35,48,0,18,123,2016
2016-05-03,6,35,68,1,18,124,2016
2016-05-04,6,35,59,2,18,125,2016
2016-05-05,6,35,56,3,18,126,2016
2016-05-06,6,35,64,4,18,127,2016
2016-05-07,6,35,68,5,18,128,2016
2016-05-08,6,35,69,6,18,129,2016
2016-05-09,6,35,44,0,19,130,2016
2016-05-10,6,35,56,1,19,131,2016
2016-05-11,6,35,64,2,19,132,2016
2016-05-12,6,35,49,3,19,133,2016
2016-05-13,6,35,55,4,19,134,2016
2016-05-14,6,35,70,5,19,135,2016
2016-05-15,6,35,73,6,19,136,2016
2016-05-16,6,35,35,0,20,137,2016
2016-05-17,6,35,48,1,20,138,2016
2016-05-18,6,35,57,2,20,139,2016
2016-05-19,6,35,61,3,20,140,2016
2016-05-20,6,35,44,4,20,141,2016
2016-05-21,6,35,75,5,20,142,2016
2016-05-22,6,35,70,6,20,143,2016
2016-05-23,6,35,45,0,21,144,2016
2016-05-24,6,35,43,1,21,145,2016
2016-05-25,6,35,65,2,21,146,2016
2016-05-26,6,35,48,3,21,147,2016
2016-05-27,6,35,59,4,21,148,2016
2016-05-28,6,35,64,5,21,149,2016
2016-05-29,6,35,89,6,21,150,2016
2016-05-30,6,35,43,0,22,151,2016
2016-05-31,6,35,50,1,22,152,2016
2016-06-01,6,35,76,2,22,153,2016
2016-06-02,6,35,67,3,22,154,2016
2016-06-03,6,35,64,4,22,155,2016
2016-06-04,6,35,93,5,22,156,2016
2016-06-05,6,35,58,6,22,157,2016
2016-06-06,6,35,65,0,23,158,2016
2016-06-07,6,35,57,1,23,159,2016
2016-06-08,6,35,59,2,23,160,2016
2016-06-09,6,35,43,3,23,161,2016
2016-06-10,6,35,83,4,23,162,2016
2016-06-11,6,35,72,5,23,163,2016
2016-06-12,6,35,94,6,23,164,2016
2016-06-13,6,35,56,0,24,165,2016
2016-06-14,6,35,54,1,24,166,2016
2016-06-15,6,35,55,2,24,167,2016
2016-06-16,6,35,56,3,24,168,2016
2016-06-17,6,35,66,4,24,169,2016
2016-06-18,6,35,61,5,24,170,2016
2016-06-19,6,35,85,6,24,171,2016
2016-06-20,6,35,51,0,25,172,2016
2016-06-21,6,35,63,1,25,173,2016
2016-06-22,6,35,63,2,25,174,2016
2016-06-23,6,35,70,3,25,175,2016
2016-06-24,6,35,75,4,25,176,2016
2016-06-25,6,35,90,5,25,177,2016
2016-06-26,6,35,79,6,25,178,2016
2016-06-27,6,35,56,0,26,179,2016
2016-06-28,6,35,69,1,26,180,2016
2016-06-29,6,35,57,2,26,181,2016
2016-06-30,6,35,62,3,26,182,2016
2016-07-01,6,35,62,4,26,183,2016
2016-07-02,6,35,72,5,26,184,2016
2016-07-03,6,35,84,6,26,185,2016
2016-07-04,6,35,58,0,27,186,2016
2016-07-05,6,35,73,1,27,187,2016
2016-07-06,6,35,60,2,27,188,2016
2016-07-07,6,35,55,3,27,189,2016
2016-07-08,6,35,66,4,27,190,2016
2016-07-09,6,35,75,5,27,191,2016
2016-07-10,6,35,80,6,27,192,2016
2016-07-11,6,35,48,0,28,193,2016
2016-07-12,6,35,52,1,28,194,2016
2016-07-13,6,35,54,2,28,195,2016
2016-07-14,6,35,66,3,28,196,2016
2016-07-15,6,35,92,4,28,197,2016
2016-07-16,6,35,79,5,28,198,2016
2016-07-17,6,35,96,6,28,199,2016
2016-07-18,6,35,54,0,29,200,2016
2016-07-19,6,35,69,1,29,201,2016
2016-07-20,6,35,48,2,29,202,2016
2016-07-21,6,35,67,3,29,203,2016
2016-07-22,6,35,72,4,29,204,2016
2016-07-23,6,35,79,5,29,205,2016
2016-07-24,6,35,101,6,29,206,2016
2016-07-25,6,35,53,0,30,207,2016
2016-07-26,6,35,77,1,30,208,2016
2016-07-27,6,35,61,2,30,209,2016
2016-07-28,6,35,69,3,30,210,2016
2016-07-29,6,35,76,4,30,211,2016
2016-07-30,6,35,86,5,30,212,2016
2016-07-31,6,35,84,6,30,213,2016
2016-08-01,6,35,42,0,31,214,2016
2016-08-02,6,35,52,1,31,215,2016
2016-08-03,6,35,47,2,31,216,2016
2016-08-04,6,35,57,3,31,217,2016
2016-08-05,6,35,64,4,31,218,2016
2016-08-06,6,35,88,5,31,219,2016
2016-08-07,6,35,67,6,31,220,2016
2016-08-08,6,35,37,0,32,221,2016
2016-08-09,6,35,48,1,32,222,2016
2016-08-10,6,35,46,2,32,223,2016
2016-08-11,6,35,71,3,32,224,2016
2016-08-12,6,35,81,4,32,225,2016
2016-08-13,6,35,67,5,32,226,2016
2016-08-14,6,35,81,6,32,227,2016
2016-08-15,6,35,49,0,33,228,2016
2016-08-16,6,35,42,1,33,229,2016
2016-08-17,6,35,58,2,33,230,2016
2016-08-18,6,35,60,3,33,231,2016
2016-08-19,6,35,77,4,33,232,2016
2016-08-20,6,35,70,5,33,233,2016
2016-08-21,6,35,60,6,33,234,2016
2016-08-22,6,35,46,0,34,235,2016
2016-08-23,6,35,62,1,34,236,2016
2016-08-24,6,35,68,2,34,237,2016
2016-08-25,6,35,86,3,34,238,2016
2016-08-26,6,35,57,4,34,239,2016
2016-08-27,6,35,60,5,34,240,2016
2016-08-28,6,35,78,6,34,241,2016
2016-08-29,6,35,54,0,35,242,2016
2016-08-30,6,35,59,1,35,243,2016
2016-08-31,6,35,47,2,35,244,2016
2016-09-01,6,35,49,3,35,245,2016
2016-09-02,6,35,59,4,35,246,2016
2016-09-03,6,35,62,5,35,247,2016
2016-09-04,6,35,61,6,35,248,2016
2016-09-05,6,35,54,0,36,249,2016
2016-09-06,6,35,59,1,36,250,2016
2016-09-07,6,35,48,2,36,251,2016
2016-09-08,6,35,59,3,36,252,2016
2016-09-09,6,35,62,4,36,253,2016
2016-09-10,6,35,59,5,36,254,2016
2016-09-11,6,35,50,6,36,255,2016
2016-09-12,6,35,43,0,37,256,2016
2016-09-13,6,35,62,1,37,257,2016
2016-09-14,6,35,56,2,37,258,2016
2016-09-15,6,35,60,3,37,259,2016
2016-09-16,6,35,57,4,37,260,2016
2016-09-17,6,35,61,5,37,261,2016
2016-09-18,6,35,79,6,37,262,2016
2016-09-19,6,35,46,0,38,263,2016
2016-09-20,6,35,50,1,38,264,2016
2016-09-21,6,35,47,2,38,265,2016
2016-09-22,6,35,55,3,38,266,2016
2016-09-23,6,35,58,4,38,267,2016
2016-09-24,6,35,74,5,38,268,2016
2016-09-25,6,35,72,6,38,269,2016
2016-09-26,6,35,31,0,39,270,2016
2016-09-27,6,35,41,1,39,271,2016
2016-09-28,6,35,61,2,39,272,2016
2016-09-29,6,35,61,3,39,273,2016
2016-09-30,6,35,53,4,39,274,2016
2016-10-01,6,35,62,5,39,275,2016
2016-10-02,6,35,49,6,39,276,2016
2016-10-03,6,35,47,0,40,277,2016
2016-10-04,6,35,41,1,40,278,2016
2016-10-05,6,35,56,2,40,279,2016
2016-10-06,6,35,53,3,40,280,2016
2016-10-07,6,35,63,4,40,281,2016
2016-10-08,6,35,56,5,40,282,2016
2016-10-09,6,35,67,6,40,283,2016
2016-10-10,6,35,40,0,41,284,2016
2016-10-11,6,35,45,1,41,285,2016
2016-10-12,6,35,41,2,41,286,2016
2016-10-13,6,35,51,3,41,287,2016
2016-10-14,6,35,45,4,41,288,2016
2016-10-15,6,35,64,5,41,289,2016
2016-10-16,6,35,64,6,41,290,2016
2016-10-17,6,35,46,0,42,291,2016
2016-10-18,6,35,43,1,42,292,2016
2016-10-19,6,35,50,2,42,293,2016
2016-10-20,6,35,51,3,42,294,2016
2016-10-21,6,35,52,4,42,295,2016
2016-10-22,6,35,45,5,42,296,2016
2016-10-23,6,35,54,6,42,297,2016
2016-10-24,6,35,43,0,43,298,2016
2016-10-25,6,35,51,1,43,299,2016
2016-10-26,6,35,44,2,43,300,2016
2016-10-27,6,35,60,3,43,301,2016
2016-10-28,6,35,60,4,43,302,2016
2016-10-29,6,35,56,5,43,303,2016
2016-10-30,6,35,70,6,43,304,2016
2016-10-31,6,35,37,0,44,305,2016
2016-11-01,6,35,57,1,44,306,2016
2016-11-02,6,35,50,2,44,307,2016
2016-11-03,6,35,68,3,44,308,2016
2016-11-04,6,35,68,4,44,309,2016
2016-11-05,6,35,71,5,44,310,2016
2016-11-06,6,35,63,6,44,311,2016
2016-11-07,6,35,36,0,45,312,2016
2016-11-08,6,35,46,1,45,313,2016
2016-11-09,6,35,49,2,45,314,2016
2016-11-10,6,35,54,3,45,315,2016
2016-11-11,6,35,58,4,45,316,2016
2016-11-12,6,35,71,5,45,317,2016
2016-11-13,6,35,46,6,45,318,2016
2016-11-14,6,35,35,0,46,319,2016
2016-11-15,6,35,52,1,46,320,2016
2016-11-16,6,35,52,2,46,321,2016
2016-11-17,6,35,64,3,46,322,2016
2016-11-18,6,35,56,4,46,323,2016
2016-11-19,6,35,67,5,46,324,2016
2016-11-20,6,35,72,6,46,325,2016
2016-11-21,6,35,39,0,47,326,2016
2016-11-22,6,35,57,1,47,327,2016
2016-11-23,6,35,56,2,47,328,2016
2016-11-24,6,35,47,3,47,329,2016
2016-11-25,6,35,68,4,47,330,2016
2016-11-26,6,35,66,5,47,331,2016
2016-11-27,6,35,90,6,47,332,2016
2016-11-28,6,35,38,0,48,333,2016
2016-11-29,6,35,56,1,48,334,2016
2016-11-30,6,35,42,2,48,335,2016
2016-12-01,6,35,36,3,48,336,2016
2016-12-02,6,35,52,4,48,337,2016
2016-12-03,6,35,46,5,48,338,2016
2016-12-04,6,35,53,6,48,339,2016
2016-12-05,6,35,37,0,49,340,2016
2016-12-06,6,35,41,1,49,341,2016
2016-12-07,6,35,33,2,49,342,2016
2016-12-08,6,35,35,3,49,343,2016
2016-12-09,6,35,47,4,49,344,2016
2016-12-10,6,35,43,5,49,345,2016
2016-12-11,6,35,49,6,49,346,2016
2016-12-12,6,35,41,0,50,347,2016
2016-12-13,6,35,43,1,50,348,2016
2016-12-14,6,35,39,2,50,349,2016
2016-12-15,6,35,44,3,50,350,2016
2016-12-16,6,35,36,4,50,351,2016
2016-12-17,6,35,53,5,50,352,2016
2016-12-18,6,35,50,6,50,353,2016
2016-12-19,6,35,41,0,51,354,2016
2016-12-20,6,35,41,1,51,355,2016
2016-12-21,6,35,38,2,51,356,2016
2016-12-22,6,35,50,3,51,357,2016
2016-12-23,6,35,32,4,51,358,2016
2016-12-24,6,35,46,5,51,359,2016
2016-12-25,6,35,47,6,51,360,2016
2016-12-26,6,35,26,0,52,361,2016
2016-12-27,6,35,40,1,52,362,2016
2016-12-28,6,35,40,2,52,363,2016
2016-12-29,6,35,40,3,52,364,2016
2016-12-30,6,35,40,4,52,365,2016
2016-12-31,6,35,57,5,52,366,2016
2017-01-01,6,35,38,6,52,1,2017
2017-01-02,6,35,43,0,1,2,2017
2017-01-03,6,35,38,1,1,3,2017
2017-01-04,6,35,45,2,1,4,2017
2017-01-05,6,35,35,3,1,5,2017
2017-01-06,6,35,52,4,1,6,2017
2017-01-07,6,35,49,5,1,7,2017
2017-01-08,6,35,51,6,1,8,2017
2017-01-09,6,35,28,0,2,9,2017
2017-01-10,6,35,31,1,2,10,2017
2017-01-11,6,35,27,2,2,11,2017
2017-01-12,6,35,31,3,2,12,2017
2017-01-13,6,35,46,4,2,13,2017
2017-01-14,6,35,45,5,2,14,2017
2017-01-15,6,35,45,6,2,15,2017
2017-01-16,6,35,32,0,3,16,2017
2017-01-17,6,35,35,1,3,17,2017
2017-01-18,6,35,34,2,3,18,2017
2017-01-19,6,35,48,3,3,19,2017
2017-01-20,6,35,47,4,3,20,2017
2017-01-21,6,35,45,5,3,21,2017
2017-01-22,6,35,31,6,3,22,2017
2017-01-23,6,35,35,0,4,23,2017
2017-01-24,6,35,29,1,4,24,2017
2017-01-25,6,35,27,2,4,25,2017
2017-01-26,6,35,45,3,4,26,2017
2017-01-27,6,35,40,4,4,27,2017
2017-01-28,6,35,53,5,4,28,2017
2017-01-29,6,35,43,6,4,29,2017
2017-01-30,6,35,25,0,5,30,2017
2017-01-31,6,35,42,1,5,31,2017
2017-02-01,6,35,29,2,5,32,2017
2017-02-02,6,35,46,3,5,33,2017
2017-02-03,6,35,39,4,5,34,2017
2017-02-04,6,35,37,5,5,35,2017
2017-02-05,6,35,41,6,5,36,2017
2017-02-06,6,35,38,0,6,37,2017
2017-02-07,6,35,51,1,6,38,2017
2017-02-08,6,35,38,2,6,39,2017
2017-02-09,6,35,52,3,6,40,2017
2017-02-10,6,35,41,4,6,41,2017
2017-02-11,6,35,57,5,6,42,2017
2017-02-12,6,35,50,6,6,43,2017
2017-02-13,6,35,37,0,7,44,2017
2017-02-14,6,35,59,1,7,45,2017
2017-02-15,6,35,41,2,7,46,2017
2017-02-16,6,35,34,3,7,47,2017
2017-02-17,6,35,58,4,7,48,2017
2017-02-18,6,35,58,5,7,49,2017
2017-02-19,6,35,53,6,7,50,2017
2017-02-20,6,35,37,0,8,51,2017
2017-02-21,6,35,41,1,8,52,2017
2017-02-22,6,35,39,2,8,53,2017
2017-02-23,6,35,43,3,8,54,2017
2017-02-24,6,35,45,4,8,55,2017
2017-02-25,6,35,50,5,8,56,2017
2017-02-26,6,35,43,6,8,57,2017
2017-02-27,6,35,27,0,9,58,2017
2017-02-28,6,35,30,1,9,59,2017
2017-03-01,6,35,52,2,9,60,2017
2017-03-02,6,35,36,3,9,61,2017
2017-03-03,6,35,49,4,9,62,2017
2017-03-04,6,35,49,5,9,63,2017
2017-03-05,6,35,55,6,9,64,2017
2017-03-06,6,35,47,0,10,65,2017
2017-03-07,6,35,64,1,10,66,2017
2017-03-08,6,35,50,2,10,67,2017
2017-03-09,6,35,34,3,10,68,2017
2017-03-10,6,35,65,4,10,69,2017
2017-03-11,6,35,49,5,10,70,2017
2017-03-12,6,35,55,6,10,71,2017
2017-03-13,6,35,41,0,11,72,2017
2017-03-14,6,35,54,1,11,73,2017
2017-03-15,6,35,63,2,11,74,2017
2017-03-16,6,35,53,3,11,75,2017
2017-03-17,6,35,49,4,11,76,2017
2017-03-18,6,35,67,5,11,77,2017
2017-03-19,6,35,57,6,11,78,2017
2017-03-20,6,35,43,0,12,79,2017
2017-03-21,6,35,50,1,12,80,2017
2017-03-22,6,35,41,2,12,81,2017
2017-03-23,6,35,53,3,12,82,2017
2017-03-24,6,35,70,4,12,83,2017
2017-03-25,6,35,56,5,12,84,2017
2017-03-26,6,35,61,6,12,85,2017
2017-03-27,6,35,44,0,13,86,2017
2017-03-28,6,35,57,1,13,87,2017
2017-03-29,6,35,48,2,13,88,2017
2017-03-30,6,35,40,3,13,89,2017
2017-03-31,6,35,51,4,13,90,2017
2017-04-01,6,35,53,5,13,91,2017
2017-04-02,6,35,63,6,13,92,2017
2017-04-03,6,35,52,0,14,93,2017
2017-04-04,6,35,59,1,14,94,2017
2017-04-05,6,35,54,2,14,95,2017
2017-04-06,6,35,64,3,14,96,2017
2017-04-07,6,35,51,4,14,97,2017
2017-04-08,6,35,73,5,14,98,2017
2017-04-09,6,35,74,6,14,99,2017
2017-04-10,6,35,38,0,15,100,2017
2017-04-11,6,35,62,1,15,101,2017
2017-04-12,6,35,51,2,15,102,2017
2017-04-13,6,35,60,3,15,103,2017
2017-04-14,6,35,80,4,15,104,2017
2017-04-15,6,35,76,5,15,105,2017
2017-04-16,6,35,64,6,15,106,2017
2017-04-17,6,35,45,0,16,107,2017
2017-04-18,6,35,49,1,16,108,2017
2017-04-19,6,35,51,2,16,109,2017
2017-04-20,6,35,57,3,16,110,2017
2017-04-21,6,35,76,4,16,111,2017
2017-04-22,6,35,53,5,16,112,2017
2017-04-23,6,35,79,6,16,113,2017
2017-04-24,6,35,33,0,17,114,2017
2017-04-25,6,35,54,1,17,115,2017
2017-04-26,6,35,64,2,17,116,2017
2017-04-27,6,35,62,3,17,117,2017
2017-04-28,6,35,62,4,17,118,2017
2017-04-29,6,35,52,5,17,119,2017
2017-04-30,6,35,57,6,17,120,2017
2017-05-01,6,35,55,0,18,121,2017
2017-05-02,6,35,51,1,18,122,2017
2017-05-03,6,35,71,2,18,123,2017
2017-05-04,6,35,66,3,18,124,2017
2017-05-05,6,35,70,4,18,125,2017
2017-05-06,6,35,60,5,18,126,2017
2017-05-07,6,35,91,6,18,127,2017
2017-05-08,6,35,39,0,19,128,2017
2017-05-09,6,35,50,1,19,129,2017
2017-05-10,6,35,64,2,19,130,2017
2017-05-11,6,35,56,3,19,131,2017
2017-05-12,6,35,65,4,19,132,2017
2017-05-13,6,35,61,5,19,133,2017
2017-05-14,6,35,57,6,19,134,2017
2017-05-15,6,35,50,0,20,135,2017
2017-05-16,6,35,65,1,20,136,2017
2017-05-17,6,35,58,2,20,137,2017
2017-05-18,6,35,61,3,20,138,2017
2017-05-19,6,35,54,4,20,139,2017
2017-05-20,6,35,56,5,20,140,2017
2017-05-21,6,35,88,6,20,141,2017
2017-05-22,6,35,44,0,21,142,2017
2017-05-23,6,35,65,1,21,143,2017
2017-05-24,6,35,72,2,21,144,2017
2017-05-25,6,35,79,3,21,145,2017
2017-05-26,6,35,59,4,21,146,2017
2017-05-27,6,35,63,5,21,147,2017
2017-05-28,6,35,82,6,21,148,2017
2017-05-29,6,35,36,0,22,149,2017
2017-05-30,6,35,55,1,22,150,2017
2017-05-31,6,35,64,2,22,151,2017
2017-06-01,6,35,73,3,22,152,2017
2017-06-02,6,35,60,4,22,153,2017
2017-06-03,6,35,77,5,22,154,2017
2017-06-04,6,35,72,6,22,155,2017
2017-06-05,6,35,58,0,23,156,2017
2017-06-06,6,35,64,1,23,157,2017
2017-06-07,6,35,63,2,23,158,2017
2017-06-08,6,35,80,3,23,159,2017
2017-06-09,6,35,75,4,23,160,2017
2017-06-10,6,35,91,5,23,161,2017
2017-06-11,6,35,96,6,23,162,2017
2017-06-12,6,35,52,0,24,163,2017
2017-06-13,6,35,53,1,24,164,2017
2017-06-14,6,35,86,2,24,165,2017
2017-06-15,6,35,58,3,24,166,2017
2017-06-16,6,35,73,4,24,167,2017
2017-06-17,6,35,73,5,24,168,2017
2017-06-18,6,35,72,6,24,169,2017
2017-06-19,6,35,48,0,25,170,2017
2017-06-20,6,35,57,1,25,171,2017
2017-06-21,6,35,65,2,25,172,2017
2017-06-22,6,35,67,3,25,173,2017
2017-06-23,6,35,71,4,25,174,2017
2017-06-24,6,35,65,5,25,175,2017
2017-06-25,6,35,90,6,25,176,2017
2017-06-26,6,35,49,0,26,177,2017
2017-06-27,6,35,59,1,26,178,2017
2017-06-28,6,35,57,2,26,179,2017
2017-06-29,6,35,77,3,26,180,2017
2017-06-30,6,35,69,4,26,181,2017
2017-07-01,6,35,76,5,26,182,2017
2017-07-02,6,35,86,6,26,183,2017
2017-07-03,6,35,48,0,27,184,2017
2017-07-04,6,35,77,1,27,185,2017
2017-07-05,6,35,70,2,27,186,2017
2017-07-06,6,35,78,3,27,187,2017
2017-07-07,6,35,77,4,27,188,2017
2017-07-08,6,35,79,5,27,189,2017
2017-07-09,6,35,75,6,27,190,2017
2017-07-10,6,35,53,0,28,191,2017
2017-07-11,6,35,66,1,28,192,2017
2017-07-12,6,35,87,2,28,193,2017
2017-07-13,6,35,64,3,28,194,2017
2017-07-14,6,35,80,4,28,195,2017
2017-07-15,6,35,80,5,28,196,2017
2017-07-16,6,35,74,6,28,197,2017
2017-07-17,6,35,64,0,29,198,2017
2017-07-18,6,35,71,1,29,199,2017
2017-07-19,6,35,56,2,29,200,2017
2017-07-20,6,35,65,3,29,201,2017
2017-07-21,6,35,76,4,29,202,2017
2017-07-22,6,35,90,5,29,203,2017
2017-07-23,6,35,84,6,29,204,2017
2017-07-24,6,35,66,0,30,205,2017
2017-07-25,6,35,77,1,30,206,2017
2017-07-26,6,35,78,2,30,207,2017
2017-07-27,6,35,79,3,30,208,2017
2017-07-28,6,35,90,4,30,209,2017
2017-07-29,6,35,87,5,30,210,2017
2017-07-30,6,35,100,6,30,211,2017
2017-07-31,6,35,50,0,31,212,2017
2017-08-01,6,35,63,1,31,213,2017
2017-08-02,6,35,66,2,31,214,2017
2017-08-03,6,35,65,3,31,215,2017
2017-08-04,6,35,59,4,31,216,2017
2017-08-05,6,35,67,5,31,217,2017
2017-08-06,6,35,78,6,31,218,2017
2017-08-07,6,35,55,0,32,219,2017
2017-08-08,6,35,57,1,32,220,2017
2017-08-09,6,35,54,2,32,221,2017
2017-08-10,6,35,61,3,32,222,2017
2017-08-11,6,35,87,4,32,223,2017
2017-08-12,6,35,71,5,32,224,2017
2017-08-13,6,35,86,6,32,225,2017
2017-08-14,6,35,41,0,33,226,2017
2017-08-15,6,35,54,1,33,227,2017
2017-08-16,6,35,46,2,33,228,2017
2017-08-17,6,35,64,3,33,229,2017
2017-08-18,6,35,63,4,33,230,2017
2017-08-19,6,35,78,5,33,231,2017
2017-08-20,6,35,65,6,33,232,2017
2017-08-21,6,35,53,0,34,233,2017
2017-08-22,6,35,41,1,34,234,2017
2017-08-23,6,35,57,2,34,235,2017
2017-08-24,6,35,68,3,34,236,2017
2017-08-25,6,35,65,4,34,237,2017
2017-08-26,6,35,69,5,34,238,2017
2017-08-27,6,35,63,6,34,239,2017
2017-08-28,6,35,49,0,35,240,2017
2017-08-29,6,35,55,1,35,241,2017
2017-08-30,6,35,63,2,35,242,2017
2017-08-31,6,35,64,3,35,243,2017
2017-09-01,6,35,56,4,35,244,2017
2017-09-02,6,35,57,5,35,245,2017
2017-09-03,6,35,73,6,35,246,2017
2017-09-04,6,35,46,0,36,247,2017
2017-09-05,6,35,63,1,36,248,2017
2017-09-06,6,35,44,2,36,249,2017
2017-09-07,6,35,46,3,36,250,2017
2017-09-08,6,35,60,4,36,251,2017
2017-09-09,6,35,82,5,36,252,2017
2017-09-10,6,35,66,6,36,253,2017
2017-09-11,6,35,47,0,37,254,2017
2017-09-12,6,35,64,1,37,255,2017
2017-09-13,6,35,44,2,37,256,2017
2017-09-14,6,35,62,3,37,257,2017
2017-09-15,6,35,58,4,37,258,2017
2017-09-16,6,35,67,5,37,259,2017
2017-09-17,6,35,65,6,37,260,2017
2017-09-18,6,35,40,0,38,261,2017
2017-09-19,6,35,53,1,38,262,2017
2017-09-20,6,35,56,2,38,263,2017
2017-09-21,6,35,45,3,38,264,2017
2017-09-22,6,35,62,4,38,265,2017
2017-09-23,6,35,55,5,38,266,2017
2017-09-24,6,35,55,6,38,267,2017
2017-09-25,6,35,44,0,39,268,2017
2017-09-26,6,35,58,1,39,269,2017
2017-09-27,6,35,59,2,39,270,2017
2017-09-28,6,35,55,3,39,271,2017
2017-09-29,6,35,55,4,39,272,2017
2017-09-30,6,35,64,5,39,273,2017
2017-10-01,6,35,71,6,39,274,2017
2017-10-02,6,35,42,0,40,275,2017
2017-10-03,6,35,59,1,40,276,2017
2017-10-04,6,35,59,2,40,277,2017
2017-10-05,6,35,55,3,40,278,2017
2017-10-06,6,35,61,4,40,279,2017
2017-10-07,6,35,65,5,40,280,2017
2017-10-08,6,35,59,6,40,281,2017
2017-10-09,6,35,39,0,41,282,2017
2017-10-10,6,35,44,1,41,283,2017
2017-10-11,6,35,48,2,41,284,2017
2017-10-12,6,35,49,3,41,285,2017
2017-10-13,6,35,60,4,41,286,2017
2017-10-14,6,35,62,5,41,287,2017
2017-10-15,6,35,53,6,41,288,2017
2017-10-16,6,35,44,0,42,289,2017
2017-10-17,6,35,45,1,42,290,2017
2017-10-18,6,35,59,2,42,291,2017
2017-10-19,6,35,60,3,42,292,2017
2017-10-20,6,35,57,4,42,293,2017
2017-10-21,6,35,59,5,42,294,2017
2017-10-22,6,35,73,6,42,295,2017
2017-10-23,6,35,44,0,43,296,2017
2017-10-24,6,35,59,1,43,297,2017
2017-10-25,6,35,43,2,43,298,2017
2017-10-26,6,35,57,3,43,299,2017
2017-10-27,6,35,46,4,43,300,2017
2017-10-28,6,35,60,5,43,301,2017
2017-10-29,6,35,68,6,43,302,2017
2017-10-30,6,35,42,0,44,303,2017
2017-10-31,6,35,38,1,44,304,2017
2017-11-01,6,35,64,2,44,305,2017
2017-11-02,6,35,60,3,44,306,2017
2017-11-03,6,35,67,4,44,307,2017
2017-11-04,6,35,78,5,44,308,2017
2017-11-05,6,35,67,6,44,309,2017
2017-11-06,6,35,41,0,45,310,2017
2017-11-07,6,35,64,1,45,311,2017
2017-11-08,6,35,67,2,45,312,2017
2017-11-09,6,35,61,3,45,313,2017
2017-11-10,6,35,58,4,45,314,2017
2017-11-11,6,35,51,5,45,315,2017
2017-11-12,6,35,66,6,45,316,2017
2017-11-13,6,35,38,0,46,317,2017
2017-11-14,6,35,55,1,46,318,2017
2017-11-15,6,35,59,2,46,319,2017
2017-11-16,6,35,62,3,46,320,2017
2017-11-17,6,35,55,4,46,321,2017
2017-11-18,6,35,64,5,46,322,2017
2017-11-19,6,35,67,6,46,323,2017
2017-11-20,6,35,51,0,47,324,2017
2017-11-21,6,35,48,1,47,325,2017
2017-11-22,6,35,60,2,47,326,2017
2017-11-23,6,35,60,3,47,327,2017
2017-11-24,6,35,57,4,47,328,2017
2017-11-25,6,35,63,5,47,329,2017
2017-11-26,6,35,59,6,47,330,2017
2017-11-27,6,35,39,0,48,331,2017
2017-11-28,6,35,64,1,48,332,2017
2017-11-29,6,35,47,2,48,333,2017
2017-11-30,6,35,56,3,48,334,2017
2017-12-01,6,35,44,4,48,335,2017
2017-12-02,6,35,46,5,48,336,2017
2017-12-03,6,35,51,6,48,337,2017
2017-12-04,6,35,40,0,49,338,2017
2017-12-05,6,35,33,1,49,339,2017
2017-12-06,6,35,35,2,49,340,2017
2017-12-07,6,35,34,3,49,341,2017
2017-12-08,6,35,42,4,49,342,2017
2017-12-09,6,35,41,5,49,343,2017
2017-12-10,6,35,57,6,49,344,2017
2017-12-11,6,35,31,0,50,345,2017
2017-12-12,6,35,47,1,50,346,2017
2017-12-13,6,35,34,2,50,347,2017
2017-12-14,6,35,53,3,50,348,2017
2017-12-15,6,35,58,4,50,349,2017
2017-12-16,6,35,44,5,50,350,2017
2017-12-17,6,35,32,6,50,351,2017
2017-12-18,6,35,31,0,51,352,2017
2017-12-19,6,35,32,1,51,353,2017
2017-12-20,6,35,36,2,51,354,2017
2017-12-21,6,35,44,3,51,355,2017
2017-12-22,6,35,50,4,51,356,2017
2017-12-23,6,35,51,5,51,357,2017
2017-12-24,6,35,54,6,51,358,2017
2017-12-25,6,35,36,0,52,359,2017
2017-12-26,6,35,37,1,52,360,2017
2017-12-27,6,35,43,2,52,361,2017
2017-12-28,6,35,41,3,52,362,2017
2017-12-29,6,35,42,4,52,363,2017
2017-12-30,6,35,42,5,52,364,2017
2017-12-31,6,35,55,6,52,365,2017
